,City,Cloudiness,Country,Date,Humidity,Latitude,Longitude,Max Temperature,Wind Speed
0,Vaini,100,IN,1564161101,94,15.34,74.49,74.56,1.28
1,Kieta,93,PG,1564161102,84,-6.22,155.63,77.62,6.08
2,Rikitea,2,PF,1564161103,82,-23.12,-134.97,73.3,8.97
3,Seydi,20,NE,1564161105,50,13.34,7.75,95.0,6.93
4,Tupancireta,100,BR,1564160892,84,-29.08,-53.84,49.36,13.42
5,Tuatapere,100,NZ,1564161108,83,-46.13,167.69,46.99,4.0
6,Avera,1,US,1564161109,48,33.19,-82.53,89.01,9.17
7,Busselton,99,AU,1564161111,57,-33.64,115.35,53.01,18.21
8,Avarua,96,CK,1564161112,88,-21.21,-159.78,68.0,5.82
9,Columbus,1,US,1564161053,40,32.46,-84.99,89.01,8.28
10,Rio Grande,90,BR,1564161115,77,-32.03,-52.1,60.01,11.41
11,Cherskiy,100,RU,1564161116,90,68.75,161.3,45.22,1.48
12,Cape Town,0,ZA,1564160968,76,-33.93,18.42,59.0,4.7
13,Mount Gambier,90,AU,1564160836,93,-37.83,140.78,41.0,3.36
14,Kaitangata,100,NZ,1564161069,88,-46.28,169.85,39.0,1.99
15,Ipixuna,40,BR,1564161121,58,-1.76,-48.8,87.8,12.75
16,Chokurdakh,86,RU,1564161123,78,70.62,147.9,33.7,11.54
17,Nurota,0,UZ,1564161124,17,40.56,65.69,89.6,13.87
18,Kalevala,61,FI,1564161126,62,64.12,29.58,72.04,4.72
19,Sarkand,34,KZ,1564161128,47,45.41,79.91,63.76,4.43
20,Ilulissat,40,GL,1564161130,76,69.22,-51.1,48.2,6.93
21,Boyolangu,38,ID,1564161131,95,-8.09,111.9,66.1,2.93
22,Hobart,20,AU,1564161132,69,-42.88,147.33,39.99,10.29
23,Sitka,81,US,1564161134,25,37.17,-99.65,91.3,14.12
24,Jamestown,71,AU,1564161135,93,-33.21,138.6,44.86,2.8
25,Ushuaia,0,AR,1564161136,56,-54.81,-68.31,41.0,16.11
26,Cidreira,73,BR,1564161138,93,-30.17,-50.22,62.32,7.07
27,Esna,75,RO,1564161139,58,45.2,27.57,82.4,4.7
28,Jishou,0,CN,1564161141,92,28.26,109.7,75.1,2.84
29,Mauguio,0,FR,1564161142,65,43.62,4.01,84.2,14.99
30,Mataura,99,NZ,1564161143,83,-46.19,168.86,46.99,4.0
31,Zabol,0,IR,1564161146,13,31.03,61.49,98.6,28.86
32,Isangel,21,VU,1564161147,73,-19.55,169.27,72.58,16.02
33,Harlingen,3,NL,1564161121,33,53.18,5.41,91.99,12.75
34,Sola,0,TZ,1564161150,22,-3.17,33.8,71.14,3.49
35,Butaritari,78,KI,1564161151,73,3.07,172.79,83.38,5.26
36,Esperance,75,AU,1564161153,76,-33.86,121.89,48.2,5.82
37,Cabo San Lucas,5,MX,1564160915,62,22.89,-109.91,91.99,2.24
38,Oyem,67,GA,1564161155,95,1.6,11.57,69.7,4.14
39,Alofi,98,NU,1564161157,80,-19.06,-169.92,75.64,19.77
40,Kruisfontein,0,ZA,1564161158,89,-34.0,24.73,53.32,7.96
41,Albany,20,US,1564161046,42,42.65,-73.75,86.0,3.36
42,Coihaique,20,CL,1564161161,52,-45.58,-72.07,50.0,6.93
43,Sao Filipe,91,CV,1564161162,84,14.9,-24.5,74.2,13.09
44,Nagua,40,DO,1564161163,74,19.37,-69.85,86.0,6.93
45,Adrar,0,DZ,1564161165,8,27.87,-0.29,113.0,12.75
46,Talnakh,0,RU,1564161166,71,69.49,88.39,50.0,15.66
47,Bud,0,NO,1564161169,57,62.91,6.91,81.0,9.17
48,Yellowknife,90,CA,1564161170,93,62.45,-114.38,59.0,10.29
49,Punta Arenas,20,CL,1564161171,60,-53.16,-70.91,42.01,19.46
50,Hermanus,0,ZA,1564161172,88,-34.42,19.24,59.0,9.4
51,Breves,76,BR,1564161174,42,-1.68,-50.48,91.66,5.68
52,Necochea,35,AR,1564161176,90,-38.55,-58.74,52.0,5.99
53,New Norfolk,20,AU,1564161177,69,-42.78,147.06,39.99,10.29
54,Tasiilaq,75,GL,1564161178,65,65.61,-37.64,46.4,16.11
55,Kodiak,1,US,1564161179,54,39.95,-94.76,84.0,16.11
56,Atuona,13,PF,1564161181,76,-9.8,-139.03,79.78,12.95
57,Nikolskoye,0,RU,1564161182,51,59.7,30.79,82.4,8.95
58,Luderitz,0,NA,1564161184,77,-26.65,15.16,60.8,9.17
59,San Roque,0,ES,1564161186,32,36.21,-5.38,86.0,17.22
60,Garachine,100,PA,1564161187,77,8.06,-78.36,81.22,8.43
61,Berlevag,75,NO,1564161091,87,70.86,29.09,55.4,14.99
62,Yazd,0,IR,1564161190,15,31.89,54.36,96.8,11.41
63,Ryotsu,90,JP,1564161191,88,38.08,138.43,77.0,3.36
64,Bembereke,33,BJ,1564161193,71,10.23,2.66,80.14,0.29
65,Maniitsoq,74,GL,1564161194,86,65.42,-52.9,45.4,5.5
66,Ancud,0,CL,1564161196,87,-41.87,-73.83,48.2,4.7
67,Lesnoy,62,RU,1564161197,71,59.78,52.13,66.28,2.91
68,Guerrero Negro,52,MX,1564161044,73,27.97,-114.04,70.6,8.48
69,Ketchikan,90,US,1564161200,93,55.34,-131.65,59.0,4.7
70,Komsomolskiy,100,RU,1564161106,95,67.55,63.78,43.78,14.72
71,Codrington,84,AU,1564161203,93,-28.95,153.24,59.0,6.93
72,Hambantota,100,LK,1564160918,81,6.12,81.12,80.86,16.04
73,Nouadhibou,0,MR,1564161205,61,20.93,-17.03,80.6,8.05
74,Chuy,100,UY,1564161207,85,-33.69,-53.46,56.38,11.86
75,Bluff,0,AU,1564161208,91,-23.58,149.07,54.94,2.84
76,Wanxian,0,CN,1564161210,83,30.8,108.39,77.26,2.39
77,Upernavik,0,GL,1564161211,72,72.79,-56.15,42.88,9.08
78,Mount Isa,0,AU,1564161213,57,-20.73,139.49,50.0,1.12
79,Chipinge,0,ZW,1564161214,48,-20.19,32.62,61.24,6.87
80,Mansa,40,IN,1564161215,66,23.43,72.66,87.8,11.41
81,Touros,40,BR,1564161217,74,-5.2,-35.46,82.4,13.87
82,Mahebourg,75,MU,1564160983,94,-20.41,57.7,71.6,18.34
83,Itaituba,20,BR,1564161219,52,-4.26,-55.99,93.2,3.36
84,Mugur-Aksy,75,RU,1564161221,94,50.38,90.44,36.94,3.27
85,Guia de Isora,20,ES,1564161222,54,28.21,-16.78,82.4,29.97
86,Lebu,75,ET,1564161224,87,8.96,38.73,57.2,9.17
87,Talas,0,KG,1564161225,35,42.52,72.24,62.32,4.32
88,Zenzeli,1,RU,1564161227,39,45.92,47.05,81.22,17.6
89,Plettenberg Bay,0,ZA,1564161228,77,-34.05,23.37,54.76,3.71
90,Nanortalik,100,GL,1564161230,91,60.14,-45.24,41.8,2.28
91,Saurikh,99,IN,1564161231,68,27.03,79.49,87.16,2.95
92,Lasa,20,CY,1564161233,83,34.92,32.53,80.6,12.75
93,Batticaloa,100,LK,1564161234,79,7.71,81.69,77.62,0.18
94,Puerto Ayora,20,EC,1564161235,69,-0.74,-90.35,75.2,21.92
95,Vilhena,0,BR,1564161237,45,-12.74,-60.15,82.4,8.05
96,Toucheng,20,TW,1564161239,78,24.86,121.82,84.2,6.93
97,Saint George,20,GR,1564161240,40,39.45,22.34,86.0,12.75
98,Dingle,17,PH,1564161241,89,11.0,122.67,74.02,3.09
99,Faanui,0,PF,1564161242,79,-16.48,-151.75,79.06,18.1
100,Bijawar,68,IN,1564161244,90,24.62,79.49,76.9,7.16
101,Gazimurskiy Zavod,0,RU,1564161246,75,51.55,118.33,54.94,2.98
102,Flin Flon,90,CA,1564161247,87,54.77,-101.88,59.0,4.7
103,Carnarvon,0,ZA,1564161248,21,-30.97,22.13,56.74,8.59
104,Tiksi,84,RU,1564161250,78,71.64,128.87,34.6,7.16
105,Fortuna,90,US,1564161251,100,40.6,-124.16,66.0,4.7
106,Khatanga,62,RU,1564161253,64,71.98,102.47,45.22,6.46
107,Saint-Philippe,1,CA,1564161254,51,45.36,-73.48,84.99,6.93
108,Saint-Augustin,20,CA,1564161256,65,45.63,-73.98,84.99,5.82
109,Ostrovnoy,100,RU,1564161257,97,68.05,39.51,47.92,7.2
110,Abha,20,SA,1564161259,64,18.22,42.5,86.0,8.05
111,Popondetta,94,PG,1564161260,93,-8.77,148.24,62.14,1.97
112,Karratha,37,AU,1564161262,40,-20.74,116.85,68.44,7.54
113,Hithadhoo,73,MV,1564161006,63,-0.6,73.08,82.66,2.8
114,Buala,100,SB,1564161265,82,-8.15,159.59,77.8,9.82
115,Port Elizabeth,1,US,1564161267,33,39.31,-74.98,90.0,4.7
116,Bredasdorp,0,ZA,1564161268,82,-34.53,20.04,59.0,4.7
117,Batesville,1,US,1564161227,51,35.77,-91.64,84.0,3.98
118,Healdsburg,90,US,1564161273,87,38.61,-122.87,81.0,3.36
119,Jumla,100,NP,1564161274,96,29.28,82.18,56.74,2.44
120,Srednekolymsk,41,RU,1564161276,82,67.46,153.71,47.38,5.48
121,Leningradskiy,100,RU,1564161052,95,69.38,178.42,35.68,19.08
122,Takoradi,100,GH,1564161278,85,4.89,-1.75,76.54,7.54
123,Daru,54,PG,1564161280,92,-9.07,143.21,71.68,7.81
124,Ribeira Grande,75,PT,1564161154,83,38.52,-28.7,75.2,9.17
125,Kutum,99,SD,1564161080,41,14.2,24.66,83.2,8.5
126,Georgetown,75,GY,1564161102,88,6.8,-58.16,84.2,11.41
127,Dikson,95,RU,1564161285,93,73.51,80.55,32.44,14.34
128,Nieuw Amsterdam,40,SR,1564161286,55,5.88,-55.08,89.6,9.17
129,Teguldet,0,RU,1564161288,97,57.31,88.17,53.32,4.21
130,Qaanaaq,3,GL,1564161289,38,77.48,-69.36,49.36,1.39
131,Keflavik,20,IS,1564161291,67,64.0,-22.56,64.99,21.92
132,Kavaratti,100,IN,1564161292,79,10.57,72.64,81.94,14.88
133,Golyshmanovo,31,RU,1564161293,85,56.4,68.37,59.62,5.64
134,Half Moon Bay,40,US,1564161295,72,37.46,-122.43,73.0,5.82
135,Klaksvik,61,FO,1564161296,77,62.23,-6.59,66.2,4.7
136,Norman Wells,75,CA,1564161297,66,65.28,-126.83,53.6,12.75
137,Provideniya,100,RU,1564161299,95,64.42,-173.23,44.14,5.21
138,Ust-Kulom,85,RU,1564161300,85,61.69,53.69,60.34,4.03
139,Daund,100,IN,1564161301,85,18.46,74.58,73.66,12.41
140,Carutapera,38,BR,1564161303,64,-1.2,-46.02,85.54,8.9
141,Salalah,90,OM,1564161023,83,17.01,54.1,78.8,10.29
142,Acapulco,40,MX,1564161177,55,16.86,-99.88,87.8,6.87
143,Fairbanks,90,US,1564161196,100,64.84,-147.72,60.01,5.82
144,Kabare,75,RW,1564161308,41,-1.65,29.38,78.8,4.7
145,Itacoatiara,0,BR,1564161310,62,-3.14,-58.44,87.8,4.7
146,Lata,100,IN,1564161311,86,30.78,78.62,46.84,4.56
147,Buraydah,0,SA,1564161313,14,26.33,43.97,105.8,11.41
148,Kalawit,91,PH,1564161314,87,7.91,122.53,73.48,2.51
149,Rawson,0,AR,1564161316,34,-43.3,-65.11,54.58,20.07
150,Severo-Kurilsk,100,RU,1564161317,79,50.68,156.12,48.64,6.13
151,Morondava,0,MG,1564161319,64,-20.3,44.28,74.92,20.47
152,Evensk,97,RU,1564161320,88,61.92,159.24,46.84,5.59
153,George,31,MW,1564161322,57,-15.35,34.83,59.98,2.82
154,Oshawa,1,CA,1564161192,61,43.92,-78.86,87.01,6.93
155,Oranjemund,0,ZA,1564161324,73,-28.55,16.43,58.36,9.51
156,Kangaatsiaq,65,GL,1564161326,91,68.31,-53.46,42.52,0.69
157,Hilo,90,US,1564161328,77,19.71,-155.08,72.0,6.93
158,Fomboni,0,KM,1564161329,72,-12.28,43.74,75.46,17.94
159,Pontianak,100,ID,1564161330,77,-0.02,109.34,81.22,5.75
160,Kahului,20,US,1564161332,65,20.89,-156.47,78.8,14.99
161,Waraseoni,100,IN,1564161333,92,21.76,80.05,75.82,5.32
162,Naze,100,NG,1564161335,96,5.43,7.07,73.3,4.54
163,Kulu,85,CD,1564161336,79,3.47,23.69,74.74,2.8
164,Pisco,40,PE,1564161339,30,-13.71,-76.2,71.6,8.05
165,San Javier,98,BR,1564161340,84,-27.87,-55.13,50.0,1.01
166,Saquarema,0,BR,1564161342,61,-22.93,-42.51,78.8,10.29
167,Namatanai,100,PG,1564161343,86,-3.66,152.44,77.8,19.91
168,Port Hardy,90,CA,1564161345,93,50.7,-127.42,60.8,3.36
169,Kupang,25,ID,1564161346,78,-10.16,123.6,75.2,8.05
170,Butterworth,75,MY,1564161348,83,5.4,100.37,82.4,2.24
171,Waingapu,85,ID,1564161349,90,-9.65,120.26,66.28,6.38
172,Longyearbyen,0,NO,1564161351,66,78.22,15.63,50.0,4.7
173,Paamiut,100,GL,1564161352,94,61.99,-49.67,40.0,23.51
174,Sheltozero,96,RU,1564161354,67,61.37,35.37,69.88,2.62
175,Port Alfred,20,ZA,1564161355,90,-33.59,26.89,59.0,4.0
176,Gigmoto,94,PH,1564161357,76,13.78,124.39,83.2,5.19
177,Castro,0,CL,1564161358,87,-42.48,-73.76,48.2,4.7
178,Saskylakh,85,RU,1564161359,79,71.97,114.09,43.96,4.79
179,Cockburn Town,45,TC,1564161361,79,21.46,-71.14,83.56,18.43
180,Margate,20,AU,1564161362,69,-43.03,147.26,39.99,10.29
181,Opotiki,38,NZ,1564161364,93,-38.01,177.29,45.0,3.0
182,Victoria,75,BN,1564161303,83,5.28,115.24,77.0,12.24
183,Mont-Dore,0,NC,1564161366,87,-22.23,166.53,53.6,3.36
184,Zeya,100,RU,1564161368,97,53.74,127.27,45.94,2.39
185,Kyren,100,RU,1564161370,99,51.68,102.13,47.38,3.94
186,Aswan,0,EG,1564161371,13,24.09,32.9,104.0,16.11
187,Egvekinot,100,RU,1564161372,91,66.32,-179.17,40.9,3.83
188,Kerchevskiy,93,RU,1564161374,89,59.95,56.29,63.76,5.39
189,Sobolevo,100,RU,1564161375,93,54.43,31.9,65.02,8.08
190,Bethel,90,US,1564161377,93,60.79,-161.76,51.8,6.93
191,Tecoanapa,40,MX,1564161378,55,16.99,-99.26,87.8,2.26
192,Honghu,0,CN,1564161380,70,29.82,113.46,85.54,13.11
193,West Wendover,90,US,1564161381,39,40.74,-114.07,80.6,14.99
194,Atasu,1,KZ,1564161383,52,48.68,71.64,63.76,10.16
195,Ixtapa,90,MX,1564161384,100,20.71,-105.21,78.01,6.93
196,Khowai,100,IN,1564161386,97,24.08,91.6,76.9,6.96
197,Brigantine,75,US,1564161387,45,39.41,-74.36,89.01,7.61
198,Divala,75,PA,1564161389,83,8.42,-82.72,80.6,5.82
199,Iralaya,20,HN,1564161390,70,15.0,-83.23,87.8,3.36
200,Kijang,75,KR,1564161392,88,35.24,129.21,78.8,2.24
201,Salto,20,BR,1564161393,30,-23.2,-47.29,90.0,10.29
202,Sonoita,1,US,1564161394,40,31.68,-110.66,97.0,1.1
203,Tumbi,100,NG,1564161396,94,7.5,4.3,73.66,4.5
204,Padang,7,ID,1564161397,77,-0.92,100.36,82.66,7.09
205,Abu Samrah,0,SY,1564161399,41,35.3,37.18,79.78,12.39
206,Beatrice,1,US,1564161354,48,40.27,-96.75,86.0,14.99
207,Coracao de Jesus,0,BR,1564161402,17,-16.69,-44.37,78.8,11.41
208,Fare,6,PF,1564161403,82,-16.7,-151.02,78.16,18.1
209,Motala,100,IN,1564161404,83,20.68,76.21,75.28,17.47
210,Kapaa,90,US,1564161406,74,22.08,-159.32,80.6,16.11
211,Los Llanos de Aridane,75,ES,1564161408,73,28.66,-17.92,77.0,17.22
212,Makakilo City,1,US,1564161410,88,21.35,-158.09,80.01,3.36
213,Moose Factory,75,CA,1564161412,61,51.26,-80.61,78.8,17.22
214,Sao Jose da Coroa Grande,77,BR,1564161413,90,-8.9,-35.15,72.76,7.61
215,Balagansk,100,RU,1564161414,96,54.01,103.05,60.34,7.02
216,Pevek,20,RU,1564161416,90,69.7,170.27,34.24,4.81
217,Saint-Leu,75,RE,1564161417,94,-21.15,55.28,73.4,17.22
218,Mar del Plata,0,AR,1564161418,33,-46.43,-67.52,52.06,22.97
219,Nome,1,US,1564161420,46,30.04,-94.42,89.6,13.87
220,Tigil,85,RU,1564161422,73,57.8,158.67,45.04,12.17
221,Harnai,1,PK,1564161423,34,30.1,67.94,89.86,3.31
222,Atar,28,MR,1564161424,18,20.52,-13.05,105.88,5.77
223,Rudsar,75,IR,1564161426,74,37.14,50.29,80.6,4.7
224,Benguela,34,AO,1564161428,83,-12.58,13.4,69.52,4.9
225,San Ramon,20,NI,1564161430,57,12.92,-85.84,77.0,18.34
226,Katobu,100,ID,1564161382,90,-4.94,122.53,72.22,2.73
227,Barrow,29,AR,1564161433,33,-38.31,-60.23,56.02,6.73
228,Alice Springs,90,AU,1564161434,31,-23.7,133.88,46.4,3.36
229,Ambatofinandrahana,0,MG,1564161435,73,-20.55,46.8,52.6,6.26
230,Lompoc,90,US,1564161436,82,34.64,-120.46,75.0,4.7
231,Santiago de Chuco,3,PE,1564161438,41,-8.15,-78.17,61.96,4.81
232,Andilamena,88,MG,1564161439,85,-17.01,48.57,56.38,11.86
233,Morant Bay,40,JM,1564161441,62,17.88,-76.41,87.8,16.11
234,Kajaani,0,FI,1564161442,44,64.22,27.73,80.6,4.7
235,Namibe,0,AO,1564161444,82,-15.19,12.15,66.46,5.77
236,Nalut,0,LY,1564161445,17,31.86,10.98,92.38,10.51
237,Erdenet,100,MN,1564161447,87,49.03,104.04,54.94,4.14
238,Saldanha,95,PT,1564161448,35,41.42,-6.55,74.92,13.33
239,Jutai,40,BR,1564161450,41,-1.71,-47.89,92.38,5.26
240,Koslan,80,RU,1564161451,76,63.46,48.9,64.3,1.95
241,La Ronge,90,CA,1564161453,82,55.1,-105.3,62.6,2.24
242,San Carlos de Bariloche,75,AR,1564161454,80,-41.13,-71.31,41.0,2.24
243,Ballybofey,0,IE,1564161456,72,54.8,-7.78,69.8,16.11
244,Ulaanbaatar,40,MN,1564161457,77,47.92,106.92,60.8,2.24
245,Yurga,0,RU,1564161458,92,55.71,84.93,54.94,4.38
246,Le Port,40,FR,1564161460,56,42.87,1.37,79.0,2.24
247,Kenai,90,US,1564161461,87,60.55,-151.26,55.4,6.93
248,San Quintin,97,PH,1564161462,88,17.54,120.52,76.18,2.53
249,Christchurch,90,NZ,1564161204,100,-43.53,172.64,43.0,2.24
250,Grootfontein,0,NA,1564161465,19,-19.56,18.1,55.3,6.69
251,Seminole,1,US,1564161467,32,32.72,-102.64,88.0,5.82
252,Dillon,1,US,1564161468,32,45.22,-112.64,73.99,9.37
253,Ginir,74,ET,1564161470,90,7.14,40.71,59.44,5.12
254,Lakatoro,99,VU,1564161471,79,-16.11,167.42,76.9,9.35
255,Port Lincoln,100,AU,1564161472,63,-34.72,135.86,52.96,7.67
256,Noumea,0,NC,1564161474,87,-22.28,166.46,53.6,3.36
257,Sao Joao da Barra,20,BR,1564161475,42,-21.64,-41.05,80.6,5.82
258,Matara,56,BI,1564161477,67,-3.48,29.48,56.38,1.77
259,Thunder Bay,75,CA,1564161478,83,48.41,-89.26,71.6,6.93
260,Micheweni,2,TZ,1564161480,72,-4.97,39.83,76.9,22.91
261,Santa Maria,75,BR,1564161481,41,-16.02,-48.01,77.0,12.75
262,Labuhan,95,ID,1564161483,96,-2.54,115.51,70.78,1.3
263,Grajewo,25,PL,1564161484,92,53.65,22.46,63.58,8.93
264,Lavrentiya,96,RU,1564161486,90,65.58,-170.99,43.78,2.98
265,Bereda,20,ES,1564161487,64,43.27,-7.54,69.01,9.17
266,Arraial do Cabo,0,BR,1564161448,61,-22.97,-42.02,78.8,10.29
267,Sabang,100,PH,1564161491,86,13.8,121.11,81.0,4.0
268,Chaihe,20,CN,1564161492,96,44.77,129.68,64.66,3.27
269,Zyryanka,100,RU,1564161493,87,65.73,150.89,54.04,6.06
270,Nueva Concepcion,75,GT,1564161495,58,14.2,-91.3,89.6,4.7
271,Vila Velha,40,BR,1564161496,55,-3.71,-38.6,87.8,18.34
272,East London,0,ZA,1564161498,88,-33.02,27.91,62.6,9.17
273,Anshan,0,CN,1564161499,89,41.11,122.99,75.1,7.49
274,Glenwood Springs,1,US,1564161501,46,39.55,-107.33,79.0,5.82
275,Bandarbeyla,40,SO,1564161502,45,9.49,50.81,79.6,26.64
276,Bantou,100,CN,1564161504,86,26.22,117.49,74.74,1.72
277,Hami,0,CN,1564161506,32,42.84,93.51,71.14,6.85
278,Orange Cove,4,US,1564161508,33,36.62,-119.31,93.0,0.43
279,Puruliya,100,IN,1564161450,77,23.33,86.37,80.32,0.54
280,Riyadh,0,SA,1564161511,10,24.63,46.72,102.2,9.17
281,Marzuq,99,YE,1564161513,67,14.4,46.47,73.48,3.98
282,Wakkanai,100,JP,1564161514,97,45.41,141.67,67.72,14.38
283,Kisangani,62,CD,1564161516,60,0.52,25.21,80.14,1.9
284,Sorong,100,ID,1564161517,95,-0.86,131.25,73.3,5.37
285,Krasnoye,0,RU,1564161518,57,44.87,39.46,77.0,8.95
286,Viedma,95,AR,1564161520,42,-40.81,-62.99,56.56,14.05
287,Biograd na Moru,0,HR,1564161359,37,43.94,15.45,86.0,10.29
288,North Myrtle Beach,40,US,1564161386,54,33.83,-78.68,87.01,5.82
289,Kabanjahe,100,ID,1564161524,97,3.1,98.49,70.96,1.3
290,Taoudenni,12,ML,1564161526,21,22.68,-3.98,100.3,21.9
291,Zhangye,15,CN,1564161527,40,38.94,100.46,66.82,8.88
292,Matagami,77,NG,1564161528,89,9.67,8.4,73.3,2.35
293,Manoel Urbano,0,BR,1564161530,41,-8.84,-69.26,86.44,4.03
294,Vestmannaeyjar,75,IS,1564161531,93,63.44,-20.27,57.2,9.17
295,Kaeo,5,NZ,1564161532,100,-35.1,173.78,53.01,10.02
296,Progreso,90,UY,1564161534,93,-34.68,-56.22,55.4,5.82
297,Tautira,20,PF,1564161535,83,-17.73,-149.15,73.4,4.7
298,Rio Gallegos,0,AR,1564161536,52,-51.62,-69.22,44.6,18.34
299,Antalaha,29,MG,1564161538,94,-14.9,50.28,61.78,4.9
300,Huarmey,60,PE,1564161540,84,-10.07,-78.15,61.6,15.97
301,Pimentel,45,BR,1564161541,43,-3.7,-45.5,90.22,6.08
302,Safranbolu,0,TR,1564161542,71,41.25,32.69,62.86,2.24
303,Lobito,13,AO,1564161544,90,-12.35,13.55,66.1,2.44
304,Bocana de Paiwas,100,NI,1564161545,53,12.79,-85.12,83.38,8.5
305,Katsuura,75,JP,1564161547,78,33.93,134.5,80.6,12.75
306,Bontang,100,ID,1564161548,98,0.12,117.47,71.32,1.45
307,Luanda,0,AO,1564161354,119,-8.83,13.24,78.8,8.05
308,Hualmay,77,PE,1564161551,83,-11.1,-77.61,60.88,15.59
309,Tomatlan,87,MX,1564161553,60,19.93,-105.25,86.44,7.72
310,Anadyr,40,RU,1564161554,93,64.73,177.51,44.6,6.71
311,Tuktoyaktuk,20,CA,1564161555,76,69.44,-133.03,51.8,19.46
312,Colesberg,0,ZA,1564161556,21,-30.72,25.1,49.9,4.83
313,Lugovoy,63,RU,1564161558,79,59.72,65.88,64.12,5.17
314,Vanino,100,RU,1564161559,64,53.93,40.55,70.0,7.58
315,Gornopravdinsk,77,RU,1564161561,55,60.06,69.92,63.76,7.29
316,Nabire,99,ID,1564161562,99,-3.36,135.5,68.26,3.83
317,Coquimbo,0,CL,1564161563,51,-29.95,-71.34,60.8,11.41
318,Imamoglu,0,TR,1564161565,48,37.26,35.66,86.0,8.05
319,Geraldton,90,CA,1564161567,77,49.72,-86.95,69.8,14.99
320,Nara,58,JP,1564161569,83,34.68,135.8,80.6,12.75
321,Honiara,40,SB,1564161391,94,-9.43,159.96,75.2,5.82
322,Twentynine Palms,20,US,1564161449,31,34.14,-116.05,102.99,3.36
323,Myitkyina,100,MM,1564161573,97,25.38,97.4,71.86,1.41
324,Port Blair,43,IN,1564161574,79,11.67,92.75,82.84,21.39
325,Waipawa,2,NZ,1564161576,94,-39.94,176.59,39.99,1.3
326,Urdoma,86,RU,1564161577,75,61.74,48.55,64.84,4.81
327,Talaya,40,RU,1564161579,93,55.79,84.89,57.2,2.24
328,Yamada,75,JP,1564161580,78,36.58,137.08,80.6,4.7
329,Buin,75,CL,1564161581,50,-33.73,-70.74,70.0,2.51
330,Santa Cruz de Tenerife,20,ES,1564161481,73,28.47,-16.25,82.4,19.46
331,Constitucion,5,MX,1564161584,30,23.99,-104.67,72.0,3.36
332,Turayf,0,SA,1564161586,18,31.68,38.65,91.4,13.87
333,Sampit,77,ID,1564161587,97,-2.54,112.95,72.76,1.68
334,Mehamn,75,NO,1564161369,93,71.03,27.85,53.6,10.29
335,Neftcala,1,AZ,1564161590,69,39.37,49.25,76.72,7.25
336,Picui,50,BR,1564161591,45,-6.51,-36.35,83.2,18.41
337,Vostok,98,RU,1564161593,98,46.45,135.83,65.2,3.24
338,Soe,0,EE,1564161594,69,57.91,26.05,79.0,5.82
339,Rome,0,IT,1564161386,38,41.89,12.48,93.2,6.93
340,Kalabo,0,ZM,1564161597,15,-15.0,22.67,64.66,5.55
341,Taywarah,50,AF,1564161598,16,33.35,64.42,66.46,6.98
342,Ahuimanu,75,US,1564161600,88,21.44,-157.84,81.0,11.41
343,Hasaki,75,JP,1564161601,94,35.73,140.83,81.0,10.29
344,Oriximina,1,BR,1564161602,45,-1.77,-55.87,93.64,5.48
345,Yulara,88,AU,1564161604,24,-25.24,130.99,59.0,8.05
346,Narsaq,75,GL,1564161605,66,60.91,-46.05,53.6,5.82
347,Taltal,0,CL,1564161607,42,-25.41,-70.49,64.84,5.77
348,Gushikawa,1,JP,1564161609,83,26.35,127.87,84.2,10.29
349,Bandipur,100,IN,1564161610,97,11.67,76.63,64.66,3.71
350,Grindavik,20,IS,1564161611,72,63.84,-22.43,64.99,21.92
351,Mahon,75,IE,1564161613,59,51.89,-8.4,69.01,12.75
352,Bathsheba,20,BB,1564161615,70,13.22,-59.52,87.8,25.28
353,Ponta do Sol,0,BR,1564161616,41,-20.63,-46.0,75.64,7.38
354,Xichang,100,CN,1564161617,95,27.88,102.25,57.28,2.21
355,Sinjar,0,SY,1564161619,41,35.59,37.0,79.78,12.39
356,Clyde River,90,CA,1564161620,93,70.47,-68.59,41.0,13.87
357,College,90,US,1564161594,93,64.86,-147.8,60.01,3.36
358,Veshenskaya,100,RU,1564161623,95,49.63,41.73,62.86,7.99
359,Marystown,6,CA,1564161624,55,47.17,-55.16,67.18,11.25
360,Kindu,14,CD,1564161626,22,-2.95,25.92,78.52,1.7
361,Shimoda,75,JP,1564161433,100,34.7,138.93,78.8,6.93
362,Garowe,8,SO,1564161629,47,8.41,48.48,74.02,27.42
363,Eyl,33,SO,1564161630,52,7.98,49.82,75.46,28.39
364,Burgersdorp,0,ZA,1564161632,23,-30.99,26.32,48.46,3.94
365,Luwuk,100,ID,1564161633,98,-0.95,122.79,62.68,3.8
366,Balkhash,9,KZ,1564161634,34,46.84,74.98,74.74,12.75
367,Zhigansk,93,RU,1564161636,49,66.77,123.37,54.22,10.07
368,Nenjiang,29,CN,1564161637,94,49.17,125.23,58.0,3.6
369,Beringovskiy,0,RU,1564161639,57,63.05,179.32,49.54,6.73
370,Bonthe,90,SL,1564161640,82,7.53,-12.5,77.98,12.01
371,Dwarka,90,IN,1564161642,100,28.58,77.04,87.01,4.7
372,Manado,40,ID,1564161474,94,1.49,124.85,73.4,4.7
373,Narrabri,57,AU,1564161644,53,-30.33,149.78,50.0,3.76
374,Hearst,100,CA,1564161646,63,49.69,-83.67,74.02,10.85
375,Gisborne,0,NZ,1564161648,99,-38.66,178.02,39.99,3.0
376,Valdosta,1,US,1564161649,58,30.83,-83.28,84.99,6.93
377,Azle,40,US,1564161650,33,32.9,-97.55,88.0,8.05
378,Alpena,1,US,1564161651,39,45.06,-83.43,84.99,8.05
379,ChengDe,0,CN,1564161653,59,40.97,117.93,71.5,0.98
380,Bam,33,IR,1564161654,18,29.11,58.36,65.74,2.71
381,Harper,40,US,1564161656,51,30.3,-99.24,86.0,5.64
382,Gamba,69,CN,1564161657,64,28.28,88.52,45.58,5.3
383,Sovetsk,47,RU,1564161658,80,55.08,21.89,68.08,7.92
384,Nalvo,100,PH,1564161660,89,16.81,120.51,75.64,2.55
385,Guanambi,0,BR,1564161661,21,-14.22,-42.78,82.48,11.25
386,Am Timan,100,TD,1564161663,87,11.04,20.28,73.12,0.4
387,Solnechnyy,100,RU,1564161664,97,50.72,136.64,51.88,2.75
388,Bambous Virieux,75,MU,1564161666,94,-20.34,57.76,71.6,14.99
389,Trinidad,75,BO,1564161667,46,-14.83,-64.9,73.4,13.87
390,Edson,1,CA,1564161669,55,53.59,-116.44,64.4,3.36
391,Turan,100,RU,1564161670,89,52.15,93.92,49.72,3.33
392,Choma,0,ZM,1564161671,28,-16.81,26.98,54.94,5.1
393,Hede,0,SE,1564161673,42,60.45,15.49,82.4,10.29
394,Ellensburg,1,US,1564161477,40,47.0,-120.55,80.01,4.7
395,Thompson,90,CA,1564161675,100,55.74,-97.86,51.8,9.17
396,Saint-Pierre,0,FR,1564161677,35,48.95,4.24,93.2,10.29
397,Tari,40,NG,1564161678,43,12.41,4.49,92.56,6.64
398,Ossora,100,RU,1564161680,49,59.24,163.07,51.88,4.38
399,Blanquefort,100,FR,1564161681,94,44.91,-0.64,70.0,9.17
400,Jijiga,73,ET,1564161683,87,9.35,42.8,59.26,7.54
401,Grand-Santi,85,GF,1564161684,88,4.27,-54.38,79.78,4.25
402,Nagato,20,JP,1564161685,88,34.35,131.14,80.6,1.12
403,Neiafu,90,TO,1564161687,88,-18.65,-173.98,73.4,9.17
404,Novo Oriente,18,BR,1564161688,39,-5.54,-40.77,85.36,10.98
405,Nassau,75,AT,1564161451,73,46.81,15.34,80.6,4.7
406,Gerash,0,IR,1564161483,30,27.67,54.14,96.8,4.7
407,Chitipa,14,MW,1564161692,69,-9.7,33.27,53.5,5.26
408,Visby,0,SE,1564161694,53,57.64,18.3,75.2,10.29
409,Hovd,0,NO,1564161695,58,63.83,10.7,84.2,6.93
410,Pangnirtung,90,CA,1564161697,100,66.15,-65.72,42.8,9.17
411,Kurri Kurri,88,AU,1564161698,87,-32.82,151.48,57.0,5.82
412,Lorengau,75,PG,1564161699,84,-2.02,147.27,79.42,9.19
413,Sharjah,45,AE,1564161701,47,25.36,55.39,98.6,8.05
414,Atyrau,75,KZ,1564161702,32,47.1,51.92,82.4,8.95
415,Kondinskoye,66,RU,1564161703,78,59.65,67.41,64.48,5.7
416,Bilibino,65,RU,1564161705,61,68.06,166.44,40.72,4.88
417,Methoni,20,GR,1564161708,35,36.82,21.7,86.0,11.83
418,Port-Cartier,90,CA,1564161709,49,50.03,-66.88,71.01,5.82
419,Bida,100,NG,1564161710,90,9.08,6.02,77.62,5.73
420,La Asuncion,0,AR,1564161712,26,-26.05,-65.39,58.18,7.56
421,Namie,100,JP,1564161713,90,37.52,140.86,81.0,9.48
422,Marsa Matruh,20,EG,1564161615,65,31.35,27.25,82.4,8.05
423,Shenjiamen,99,CN,1564161716,89,29.96,122.3,81.94,14.83
424,Ha Giang,86,VN,1564161717,98,22.83,104.99,65.56,2.73
425,Iqaluit,90,CA,1564161425,93,63.75,-68.52,46.0,4.7
426,Tete,0,MZ,1564161720,40,-16.16,33.59,73.4,9.17
427,Caluquembe,0,AO,1564161721,14,-13.78,14.68,60.34,3.13
428,Verkhoyansk,100,RU,1564161723,54,67.55,133.39,48.64,7.7
429,Sao Joaquim da Barra,0,BR,1564161724,25,-20.58,-47.85,84.2,4.7
430,Macusani,0,PE,1564161726,28,-14.07,-70.43,45.04,11.77
431,Bealanana,50,MG,1564161727,81,-14.54,48.75,58.54,8.95
432,Airai,85,TL,1564161729,84,-8.93,125.41,67.54,4.43
433,Passo de Camaragibe,75,BR,1564161730,78,-9.24,-35.49,75.2,10.29
434,Rapid Valley,1,US,1564161622,42,44.06,-103.15,84.0,9.17
435,Muros,40,ES,1564161733,60,42.77,-9.06,70.0,8.05
436,Tianpeng,0,CN,1564161734,79,28.88,112.34,83.2,5.59
437,Lerwick,0,GB,1564161735,73,60.15,-1.15,71.6,16.11
438,Changde,0,CN,1564161737,80,29.04,111.68,82.3,6.08
439,San Patricio,68,PY,1564161738,77,-26.98,-56.83,52.24,4.47
440,Puebloviejo,40,CO,1564161740,74,10.99,-74.28,89.6,6.93
441,Aldan,79,RU,1564161742,81,58.61,125.39,53.14,2.42
442,Alta Floresta,0,BR,1564161743,24,-9.87,-56.08,95.0,9.17
443,Sokolo,81,ML,1564161744,36,14.74,-6.12,95.8,1.01
444,Kargil,97,PK,1564161746,61,34.56,76.13,54.22,3.65
445,Khawhai,100,IN,1564161747,98,23.52,93.19,70.06,2.37
446,Palmer,75,AU,1564161749,93,-34.85,139.16,48.99,4.7
447,Skelleftea,0,SE,1564161750,39,64.75,20.95,86.0,5.82
448,Merrill,1,US,1564161751,44,42.03,-121.6,79.0,6.93
449,Ewa Beach,20,US,1564161584,69,21.32,-158.01,81.0,8.05
450,Tezu,94,IN,1564161754,97,27.93,96.16,72.58,3.71
451,Udachnyy,40,RU,1564161756,76,66.42,112.4,55.4,8.95
452,Kirakira,100,SB,1564161757,86,-10.46,161.92,77.8,16.46
453,Konstantinovka,65,UA,1564161758,42,46.85,29.85,78.88,9.37
454,Arcata,90,US,1564161605,100,40.87,-124.08,63.0,4.7
455,Vung Tau,92,VN,1564161761,80,10.35,107.08,79.42,6.69
456,Aksum,100,ET,1564161762,88,14.12,38.72,64.48,6.85
457,Khash,2,IR,1564161764,24,28.22,61.21,70.06,3.33
458,Pocone,0,BR,1564161765,26,-16.26,-56.62,85.36,5.55
459,Fort Nelson,40,CA,1564161767,77,58.81,-122.69,64.4,3.36
460,Amapa,40,HN,1564161768,58,15.09,-87.97,93.0,4.7
461,Kailua,75,US,1564161770,88,21.39,-157.74,81.0,11.41
462,Alto Parana,0,BR,1564161771,64,-23.13,-52.32,73.4,5.82
463,Chimoio,0,MZ,1564161772,67,-19.11,33.48,60.8,4.85
464,Kaya,47,NG,1564161774,26,13.31,12.68,99.04,6.02
465,Desbiens,40,CA,1564161775,60,48.42,-71.95,75.2,5.82
466,Taketa,16,JP,1564161776,87,32.97,131.38,82.0,1.48
467,Poddorye,49,RU,1564161778,90,57.47,31.12,68.62,4.34
468,Gasa,100,BT,1564161779,96,27.91,89.73,41.62,6.87
469,Sept-Iles,90,CA,1564161677,49,50.2,-66.38,71.01,5.82
470,Dedza,49,MW,1564161782,64,-14.38,34.33,55.84,4.94
471,Morwell,16,AU,1564161783,95,-38.24,146.4,48.0,1.72
472,Maraa,83,BR,1564161785,59,-1.83,-65.37,86.8,1.88
473,Werda,15,BW,1564161786,16,-25.27,23.28,61.06,3.87
474,Cahors,99,FR,1564161787,76,44.45,1.44,75.99,7.67
475,Nushki,23,PK,1564161789,17,29.55,66.02,86.26,2.57
476,Surt,0,LY,1564161791,73,31.21,16.59,80.32,15.93
477,Flinders,75,AU,1564161792,71,-34.58,150.85,55.0,10.29
478,Noshiro,94,JP,1564161794,79,40.21,140.05,73.12,8.55
479,Vila Franca do Campo,20,PT,1564161795,83,37.72,-25.43,73.4,17.22
480,Mbigou,77,GA,1564161797,69,-1.9,11.91,76.54,2.84
481,Lagoa,0,PT,1564161798,37,37.14,-8.45,84.2,21.92
482,Iskateley,93,RU,1564161800,84,67.68,53.15,45.76,9.44
483,Meulaboh,100,ID,1564161801,69,4.14,96.13,83.74,5.06
484,Port Keats,75,AU,1564161803,88,-14.25,129.55,69.7,3.58
485,Portoferraio,0,IT,1564161804,51,42.81,10.31,86.0,13.87
486,Mandalgovi,85,MN,1564161806,46,45.76,106.27,70.78,23.11
487,Sambava,41,MG,1564161807,83,-14.27,50.17,65.56,3.58
488,Sur,14,OM,1564161809,66,22.57,59.53,82.3,19.48
489,Bata,40,GQ,1564161810,83,1.87,9.77,82.4,11.41
490,Trat,100,TH,1564161811,76,12.25,102.51,82.99,0.76
491,Ankang,0,CN,1564161813,78,32.73,108.99,74.56,1.57
492,Hirara,100,JP,1564161814,82,24.8,125.28,83.56,13.65
493,Barra Patuca,71,HN,1564161816,77,15.8,-84.28,82.48,10.83
494,Beloha,0,MG,1564161817,69,-25.17,45.06,63.94,15.86
495,Seoul,75,KR,1564161819,100,37.57,126.98,78.8,1.12
496,Huntsville,1,US,1564161821,45,34.73,-86.59,89.01,6.93
497,Diplo,91,PK,1564161822,68,24.47,69.59,85.72,28.48
498,Russell,1,US,1564161824,31,38.9,-98.86,91.99,23.04
499,Dicabisagan,100,PH,1564161826,94,17.08,122.42,74.92,1.34
500,Qandala,72,SO,1564161827,51,11.47,49.87,88.42,24.67
501,Itajobi,75,BR,1564161829,30,-21.31,-49.06,82.4,9.17
502,Srandakan,69,ID,1564161830,89,-7.94,110.25,74.02,12.93
503,Petropavlovsk-Kamchatskiy,20,RU,1564161832,100,53.05,158.65,44.6,2.24
504,Manaure,20,CO,1564161833,44,11.78,-72.45,95.0,13.87
505,Vardo,40,US,1564161835,48,39.62,-77.74,87.01,3.36
506,Gorin,75,BF,1564161836,45,12.34,-0.67,91.48,4.25
507,Vallenar,0,CL,1564161838,18,-28.58,-70.76,73.66,9.37
508,Turiacu,0,BR,1564161840,30,-5.01,-63.0,93.64,4.32
509,Aklavik,20,CA,1564161752,67,68.22,-135.01,57.2,4.7
510,Broken Hill,32,AU,1564161843,75,-31.97,141.45,44.6,2.24
511,Saint Anthony,1,US,1564161844,38,43.97,-111.68,75.2,4.7
512,Tual,51,ID,1564161789,84,-5.67,132.75,76.18,16.75
513,Laredo,1,US,1564161847,40,27.51,-99.51,91.0,3.36
514,Zemio,46,CF,1564161848,88,5.02,25.13,72.94,2.66
515,Leshukonskoye,100,RU,1564161850,74,64.9,45.76,67.36,5.44
516,Suez,0,EG,1564161851,54,29.97,32.54,81.22,18.95
517,Moses Lake,1,US,1564161622,29,47.13,-119.28,82.0,3.65
518,Moscow,0,RU,1564161616,60,55.75,37.62,79.0,8.95
519,Coihueco,0,CL,1564161855,58,-36.63,-71.83,57.2,9.17
520,Vysokovsk,0,RU,1564161856,60,56.32,36.55,75.2,13.42
521,Bismarck,1,US,1564161857,32,46.81,-100.78,81.0,14.99
522,Skibbereen,75,IE,1564161859,59,51.55,-9.27,64.4,12.75
523,Ibadan,100,NG,1564161860,93,7.38,3.9,74.2,5.64
524,Hailar,33,CN,1564161862,77,49.2,119.7,56.56,4.21
525,Portland,20,US,1564161824,51,43.66,-70.25,84.2,8.05
526,Prince George,40,CA,1564161744,77,53.92,-122.75,66.99,10.29
527,Dzerzhinskoye,99,RU,1564161865,86,56.84,95.22,55.84,2.73
528,Yaan,96,NG,1564161867,93,7.38,8.57,75.64,9.17
529,Miraflores,0,PE,1564161868,5,-16.39,-71.52,68.0,13.87
530,Coruripe,96,BR,1564161870,90,-10.12,-36.18,72.22,7.83
531,Cururupu,67,BR,1564161871,47,-1.82,-44.87,89.68,5.79
532,Fukue,75,JP,1564161873,88,35.03,136.69,80.6,20.8
533,Ornskoldsvik,0,SE,1564161874,44,63.29,18.72,80.6,6.93
534,Ballymena,40,GB,1564161875,60,54.87,-6.28,71.6,10.29
535,Las Choapas,40,MX,1564161877,78,17.91,-94.09,80.6,11.41
536,Chapais,1,CA,1564161878,54,49.78,-74.86,78.8,11.41
537,Tura,91,RU,1564161879,93,64.27,100.22,56.38,4.56
538,Pangkalanbuun,98,ID,1564161881,97,-2.68,111.62,71.86,1.74
539,Bayji,0,IQ,1564161882,13,34.93,43.49,93.28,11.14
540,Selenduma,96,RU,1564161884,93,50.92,106.24,58.36,3.47
541,Belmonte,72,PT,1564161885,38,40.36,-7.35,82.99,9.82
542,Cayenne,40,GF,1564161887,55,4.94,-52.33,89.6,10.29
543,Suntar,37,RU,1564161888,56,62.16,117.65,59.44,1.23
